{"cameraMode":{"drawMode":0,"name":"Shaded","section":"Shading Mode"},"sceneLighting":true,"audioPlay":false,"sceneViewState":{"m_AlwaysRefresh":false,"showFog":true,"showSkybox":true,"showFlares":true,"showImageEffects":true,"showParticleSystems":true,"showVisualEffectGraphs":true,"m_FxEnabled":true},"in2DMode":false,"pivot":{"x":12.610921859741211,"y":-4.382946014404297,"z":28.396636962890626},"rotation":{"x":0.10107536613941193,"y":0.1427559107542038,"z":-0.014703875407576561,"w":0.98454350233078},"size":21.361835479736329,"orthographic":false}