{"cameraMode":{"drawMode":0,"name":"Shaded","section":"Shading Mode"},"sceneLighting":true,"audioPlay":false,"sceneViewState":{"m_AlwaysRefresh":false,"showFog":true,"showSkybox":true,"showFlares":true,"showImageEffects":true,"showParticleSystems":true,"showVisualEffectGraphs":true,"m_FxEnabled":true},"in2DMode":false,"pivot":{"x":2.704385280609131,"y":-1.6495170593261719,"z":10.453824996948243},"rotation":{"x":0.09165347367525101,"y":0.026877909898757936,"z":-0.0025290336925536396,"w":0.9954975247383118},"size":8.27786922454834,"orthographic":false}