{"cameraMode":{"drawMode":0,"name":"Shaded","section":"Shading Mode"},"sceneLighting":true,"audioPlay":false,"sceneViewState":{"m_AlwaysRefresh":false,"showFog":true,"showSkybox":true,"showFlares":true,"showImageEffects":true,"showParticleSystems":true,"showVisualEffectGraphs":true,"m_FxEnabled":true},"in2DMode":false,"pivot":{"x":2.5471346378326418,"y":0.9284133911132813,"z":3.904144287109375},"rotation":{"x":0.14974260330200196,"y":0.0074119786731898788,"z":-0.0011276298901066185,"w":0.9887121915817261},"size":7.1749982833862309,"orthographic":false}