{"cameraMode":{"drawMode":0,"name":"Shaded","section":"Shading Mode"},"sceneLighting":false,"audioPlay":false,"sceneViewState":{"m_AlwaysRefresh":false,"showFog":true,"showSkybox":false,"showFlares":true,"showImageEffects":true,"showParticleSystems":true,"showVisualEffectGraphs":true,"m_FxEnabled":true},"in2DMode":false,"pivot":{"x":9.156306266784668,"y":1.9723169803619385,"z":6.433809280395508},"rotation":{"x":-0.06983738392591477,"y":-0.6300378441810608,"z":0.057066723704338077,"w":-0.7713437676429749},"size":10.967223167419434,"orthographic":false}